<?xml version="1.0" encoding="UTF-8"?>
<project-private xmlns="http://www.netbeans.org/ns/project-private/1">
    <editor-bookmarks xmlns="http://www.netbeans.org/ns/editor-bookmarks/2" lastBookmarkId="0"/>
    <open-files xmlns="http://www.netbeans.org/ns/projectui-open-files/2">
        <group>
            <file>file:/Applications/XAMPP/xamppfiles/htdocs/hmen/src/Template/Vendors/view.ctp</file>
            <file>file:/Applications/XAMPP/xamppfiles/htdocs/hmen/src/Template/Settings/banneredit.ctp</file>
            <file>file:/Applications/XAMPP/xamppfiles/htdocs/hmen/src/Controller/ServiceCategoryController.php</file>
            <file>file:/Applications/XAMPP/xamppfiles/htdocs/hmen/src/Controller/UsersController.php</file>
            <file>file:/Applications/XAMPP/xamppfiles/htdocs/hmen/src/Model/Table/UsersTable.php</file>
            <file>file:/Applications/XAMPP/xamppfiles/htdocs/hmen/src/Controller/VendorsController.php</file>
            <file>file:/Applications/XAMPP/xamppfiles/htdocs/hmen/src/Template/Element/page_sidebar.ctp</file>
            <file>file:/Applications/XAMPP/xamppfiles/htdocs/hmen/src/Model/Table/ServicesTable.php</file>
            <file>file:/Applications/XAMPP/xamppfiles/htdocs/hmen/src/Controller/AppController.php</file>
            <file>file:/Applications/XAMPP/xamppfiles/htdocs/hmen/src/Model/Table/VendorsTable.php</file>
            <file>file:/Applications/XAMPP/xamppfiles/htdocs/hmen/config/paths.php</file>
            <file>file:/Applications/XAMPP/xamppfiles/htdocs/hmen/src/Controller/SettingsController.php</file>
            <file>file:/Applications/XAMPP/xamppfiles/htdocs/hmen/src/Template/ServiceCategory/add.ctp</file>
            <file>file:/Applications/XAMPP/xamppfiles/htdocs/hmen/src/Template/Vendors/index.ctp</file>
            <file>file:/Applications/XAMPP/xamppfiles/htdocs/hmen/src/Template/Settings/faq.ctp</file>
            <file>file:/Applications/XAMPP/xamppfiles/htdocs/hmen/src/Controller/ServicesController.php</file>
            <file>file:/Applications/XAMPP/xamppfiles/htdocs/hmen/src/Template/Settings/banner.ctp</file>
            <file>file:/Applications/XAMPP/xamppfiles/htdocs/hmen/src/Template/Vendors/add.ctp</file>
            <file>file:/Applications/XAMPP/xamppfiles/htdocs/hmen/src/Template/Services/add.ctp</file>
        </group>
    </open-files>
</project-private>
